id,title,category,crop,content,source,tags,region,language,verified
rice-leaf-yellow-n-deficiency,စပါးရွက်ဝါခြင်း (နိုက်ထရိုဂျင်ချို့တဲ့မှု),fertilizer,rice,"ကျွန်တော်၏ စပါးအရွက်များ အဘယ်ကြောင့် အဝါရောင်ပြောင်းနေသနည်း

စပါးရွက် အဝါရောင်ပြောင်းခြင်းသည် အထူးသဖြင့် အရွက်ဟောင်းများ ဦးစွာ ဖျော့လာပါက နိုက်ထရိုဂျင်ချို့တဲ့ခြင်း ဖြစ်နိုင်သည်။ သင့်ဒေသအတွက် အကြံပြုထားသည့်အတိုင်း မျိုးအောင်အချိန်ဇယားကို စစ်ဆေးပြီး နိုက်ထရိုဂျင်ထည့်သွင်းပါ။ သေချာမသိပါက နောက်ထပ်မျိုးအောင်မထည့်မီ ဒေသခံစိုက်ပျိုးရေးအရာရှိကို မေးမြန်းပါ။

လက္ခဏာများ: အရွက်များ အဝါရောင်ပြောင်းခြင်း, အရွက်ဟောင်းများ ဖျော့သွားခြင်း

ဖြစ်နိုင်သောအကြောင်းရင်းများ: နိုက်ထရိုဂျင်ဓာတ် ချို့တဲ့ခြင်း

ဖြေရှင်းနည်း: မျိုးအောင်အချိန်ဇယားကို စစ်ဆေးပါ။ ဒေသအလိုက် အကြံပြုထားသည့်အတိုင်း နိုက်ထရိုဂျင်ထည့်သွင်းပါ။ ထည့်သွင်းပြီးနောက် ရေအလွန်အကျွံမသွင်းမိစေရန် ရှောင်ကြဉ်ပါ။",internal,rice;fertilizer,general,my,true
rice-brown-spot,စပါးအညိုကွက်ရောဂါ,disease,rice,"ကျွန်တော်၏စပါးတွင် အရွက်များပေါ် အညိုရောင်အကွက်များ ရှိနေပါသည်။ ဘာလုပ်သင့်ပါသနည်း

စပါးရွက်ပေါ်ရှိ အညိုရောင်အကွက်များသည် အညိုကွက်ရောဂါဖြစ်နိုင်ပြီး အပင်အာဟာရချို့တဲ့ချိန်တွင် ပိုဆိုးတတ်သည်။ ရေစီးရေလာကောင်းအောင်ပြုလုပ်ပါ၊ အပင်ကျဲအောင်စိုက်ပါ၊ မျှတသောမျိုးအောင်သုံးပါ။ ရောဂါပြင်းထန်သောအရွက်များကို ဖယ်ရှားနိုင်သည်။ အကွက်များ လျင်မြန်စွာပျံ့နှံ့ပါက ဒေသခံအကြံဉာဏ်ကို ရယူပါ။

လက္ခဏာများ: အရွက်များပေါ်တွင် အညိုရောင်အကွက်များ, အရွက်ထိပ်ဖျားခြောက်ခြင်း

ဖြစ်နိုင်သောအကြောင်းရင်းများ: အညိုကွက်မှိုရောဂါ, အာဟာရမညီမျှခြင်း

ဖြေရှင်းနည်း: လယ်ကွင်းရေစီးရေလာကောင်းမွန်အောင် ပြုလုပ်ပါ။ အပင်များကို ကျဲကျဲစိုက်ပျိုးပါ။ မျှတသောမျိုးအောင်သုံးပါ။ ဖြစ်နိုင်လျှင် ရောဂါပြင်းထန်သောအရွက်များကို ဖယ်ရှားပါ။",internal,rice;disease,general,my,true
rice-blast,စပါးခြောက်လောင်ရောဂါ (Rice Blast),disease,rice,"စပါးခြောက်လောင်ရောဂါ ဘာကြောင့်ဖြစ်ပြီး ဘယ်လိုကာကွယ်ရပါသလဲ

စပါးခြောက်လောင်ရောဂါသည် အရွက်များပေါ်တွင် စိန်ပုံသဏ္ဍာန်အနာများပြပြီး နှံဖုကိုလည်း ထိခိုက်နိုင်သည်။ နိုက်ထရိုဂျင်အလွန်အကျွံကို လျှော့ပါ၊ ရေကို ဂရုတစိုက်စီမံပါ၊ ရောဂါခံနိုင်ရည်ရှိသောမျိုးကို ဦးစားပေးပါ။ ဓာတုကာကွယ်မှုအတွက် ဒေသအလိုက်ခွင့်ပြုထားသော အကြံပြုချက်များကိုသာ လိုက်နာပါ။

လက္ခဏာများ: စိန်ပုံသဏ္ဍာန်အနာ, အရွက်ခြောက်သွေ့ခြင်း, နှံဖုမြစ်ပုပ်ခြင်း

ဖြစ်နိုင်သောအကြောင်းရင်းများ: စပါးခြောက်လောင်မှိုရောဂါ (rice blast)

ဖြေရှင်းနည်း: ရနိုင်လျှင် ရောဂါခံနိုင်ရည်ရှိသောမျိုးများကို သုံးပါ။ နိုက်ထရိုဂျင်အလွန်အကျွံရှောင်ပါ။ ရေစီမံခန့်ခွဲမှုကောင်းအောင်ထားပါ။ ခွင့်ပြုထားသော မှိုသတ်ဆေးအကြံပြုချက်အတွက် ဒေသခံတိုးချဲ့ရေးကို မေးမြန်းပါ။",internal,rice;disease;blast,general,my,true
rice-stem-borer,စပါးပင်စည်ထိုးပိုး,pest,rice,"စပါးပင်များတွင် အပင်မသေခြင်းဖြစ်နေပါသည်။ ပင်စည်ထိုးပိုးလား

စပါးတွင် အပင်မသေခြင်းနှင့် နှံဖြူခြင်းသည် ပင်စည်ထိုးပိုးကြောင့်ဖြစ်တတ်သည်။ ရောဂါပြင်းထန်သောကိုင်းများကို ဖယ်ရှားပါ၊ ပိုးမွှားတက်ကြွနေစေသော စိုက်ပျိုးချိန်မညီညာခြင်းကို ရှောင်ပါ၊ အကျိုးပြုအင်းဆက်များကို ကာကွယ်ပါ။ ဒေသခံလမ်းညွှန်ချက်အရ သတ်မှတ်ချက်ထက်ကျော်လွန်မှသာ ပိုးသတ်ဆေးသုံးပါ။

လက္ခဏာများ: အပင်မသေခြင်း (dead heart), နှံဖြူခြင်း, ပင်စည်တွင် ပိုးထွင်းခြင်း

ဖြစ်နိုင်သောအကြောင်းရင်းများ: ပင်စည်ထိုးပိုး

ဖြေရှင်းနည်း: ရောဂါကျသောကိုင်းများကို ဖယ်ရှားဖျက်ဆီးပါ။ အနီးတွင် စိုက်ပျိုးချိန် မညီညာစေရန် ရှောင်ပါ။ သဘာဝရန်သူများကို အားပေးပါ။ သတ်မှတ်ချက်အလိုက် ဒေသခံထိန်းချုပ်မှုအကြံဉာဏ်ကို သုံးပါ။",internal,rice;pest;dead;heart,general,my,true
tomato-leaf-curl,ခရမ်းချဉ်ရွက်ခွေရောဂါ (Leaf Curl),disease,tomato,"ခရမ်းချဉ်ရွက်များ အထက်သို့ခွေနေပါသည်။ ဘာဖြစ်နေတာလဲ

ခရမ်းချဉ်ရွက်များ အထက်သို့ခွေခြင်းနှင့် ကြီးထွားမှုနှေးခြင်းသည် ပြာဖြူပိုးကသယ်ဆောင်သော ရွက်ခွေဗိုင်းရပ်စ်ဖြစ်နိုင်သည်။ ရောဂါပြင်းထန်သောအပင်များကို ဖယ်ရှားပါ၊ ပြာဖြူပိုးအန္တရာယ်ကို လျှော့ချပါ၊ ရောဂါကျပျိုးပင်များ မသုံးပါနှင့်။ ရောဂါကျပြီးသည်နှင့် လွယ်ကူသောကုသနည်းမရှိပါ။

လက္ခဏာများ: အရွက်များ အထက်သို့ခွေခြင်း, ကြီးထွားမှုနှေးခြင်း, အဝါရောင်ပြောင်းခြင်း

ဖြစ်နိုင်သောအကြောင်းရင်းများ: ခရမ်းချဉ်ရွက်ခွေဗိုင်းရပ်စ်, ပြာဖြူပိုး (whitefly)

ဖြေရှင်းနည်း: ပြာဖြူပိုးကို ပိုက်ကွန် သို့မဟုတ် ခွင့်ပြုထားသောနည်းများဖြင့် ထိန်းချုပ်ပါ။ ရောဂါပြင်းထန်သောအပင်များကို ဖယ်ရှားပါ။ ရောဂါကျပျိုးပင်များကို လယ်ကွင်းများကြား ရွှေ့ပြောင်းခြင်းကို ရှောင်ပါ။",internal,tomato;disease;whitefly,general,my,true
tomato-early-blight,ခရမ်းချဉ် Early Blight ရောဂါ,disease,tomato,"ခရမ်းချဉ်အောက်ရွက်များတွင် ပစ်မှတ်ပုံသဏ္ဍာန် အညိုရောင်အကွက်များ ရှိနေပါသည်။

ခရမ်းချဉ်ရွက်ဟောင်းများပေါ်ရှိ ပစ်မှတ်ပုံသဏ္ဍာန်အညိုရောင်အကွက်များသည် early blight ဖြစ်တတ်သည်။ ရောဂါကျအောက်ရွက်များကို ဖယ်ရှားပါ၊ ရေကို အရွက်ပေါ်မဟုတ်ဘဲ မြေပေါ်တွင်သွင်းပါ၊ လေဝင်လေထွက်ကောင်းအောင်ပြုလုပ်ပါ။ နောက်ရာသီတွင် သီးနှံအလှည့်ကျစိုက်ပျိုး၍ ရောဂါကူးစက်မှုကို လျှော့ချပါ။

လက္ခဏာများ: ပစ်မှတ်ပုံသဏ္ဍာန် အညိုရောင်အကွက်များ, အောက်ရွက်များ အဝါရောင်ပြောင်းခြင်း

ဖြစ်နိုင်သောအကြောင်းရင်းများ: early blight မှိုရောဂါ

ဖြေရှင်းနည်း: လေဝင်လေထွက်ကောင်းအောင်ပြုလုပ်ပါ။ မြေဆီလွှာအဆင့်တွင် ရေသွင်းပါ။ ရောဂါကျအောက်ရွက်များကို ဖယ်ရှားပါ။ နောက်ရာသီတွင် သီးနှံအလှည့်ကျစိုက်ပျိုးပါ။",internal,tomato;disease;early;blight,general,my,true
tomato-blossom-end-rot,ခရမ်းချဉ်အသီးအောက်ခြေပုပ် (Blossom End Rot),fertilizer,tomato,"ကျွန်တော်၏ခရမ်းချဉ်သီးများ အသီးအောက်ခြေတွင် အဘယ်ကြောင့် ပုပ်နေသနည်း

အသီးအောက်ခြေတွင် အမည်းရောင်အနာချိုင့်ရှိခြင်းသည် ကယ်လစီယမ်စုပ်ယူမှုနှင့် ရေသွင်းမမှန်ခြင်းကြောင့် ဖြစ်တတ်သော blossom-end rot ဖြစ်သည်။ မြေအစိုဓာတ်ကို တည်ငြိမ်စေပါ၊ မြက်ဖုံးပါ၊ နူးညံ့သောကြီးထွားမှုဖြစ်စေသော နိုက်ထရိုဂျင်အလွန်အကျွံကို ရှောင်ပါ။

လက္ခဏာများ: အသီးအောက်ခြေတွင် အမည်းရောင်အနာချိုင့်

ဖြစ်နိုင်သောအကြောင်းရင်းများ: ကယ်လစီယမ်မညီမျှခြင်း, ရေသွင်းခြင်းမမှန်ခြင်း

ဖြေရှင်းနည်း: မြေဆီလွှာအစိုဓာတ်ကို တည်ငြိမ်စေပါ။ အလွန်ခြောက်ခြင်းနှင့် စိုခြင်း အလှည့်အပြောင်းကို ရှောင်ပါ။ နိုက်ထရိုဂျင်အလွန်အကျွံမထည့်ပါနှင့်။ အစိုဓာတ်ထိန်းရန် မြက်ဖုံးပါ။",internal,tomato;fertilizer,general,my,true
chili-aphids,ငရုတ် Aphid ပိုးကျရောက်မှု,pest,chili,"ငရုတ်ရွက်များ ခွေပြီး စေးကပ်နေပါသည်။ ဘယ်ပိုးပါလဲ

ငရုတ်ရွက်ခွေပြီး စေးကပ်ခြင်းသည် aphid ပိုးကြောင့်ဖြစ်တတ်သည်။ အရွက်အောက်မျက်နှာကို စစ်ဆေးပါ၊ အနည်းငယ်သာကျရောက်ပါက ရေဖြင့်ဆေးကြောပါ၊ အကျိုးပြုအင်းဆက်များကို ကာကွယ်ပါ။ ပြင်းထန်မှုမရှိလျှင် ဆပ်ပြာဖျန်းဆေးကို ဂရုတစိုက်သုံးပါ၊ ဓာတုဆေးပြင်းများကို ရှောင်ပါ။

လက္ခဏာများ: ရွက်များခွေခြင်း, စေးကပ်သောအရည် (honeydew), အပင်ပေါ် ပုရွက်ဆိတ်များ

ဖြစ်နိုင်သောအကြောင်းရင်းများ: ရွက်အောက်တွင် ကျရောက်သော aphid ပိုး

ဖြေရှင်းနည်း: အနည်းအကျဉ်းသာကျရောက်ပါက ရေဖြင့်ဆေးကြောပါ။ ပိုးစားနှပ်ထိုး (ladybug) များကို အားပေးပါ။ ညင်သာသောဆပ်ပြာဖျန်းဆေးကို ဂရုတစိုက်သုံးပါ။ အရွက်အောက်မျက်နှာကို မကြာခဏစစ်ဆေးပါ။",internal,chili;pest;aphid;honeydew,general,my,true
chili-leaf-spot,ငရုတ်ရွက်အကွက်ရောဂါ,disease,chili,"ငရုတ်ပင် အကွက်များပါသောအရွက်များ ကြွေကျနေပါသည်။

ငရုတ်ရွက်အကွက်များနှင့် အရွက်ကြွေခြင်းသည် မှို သို့မဟုတ် ဘက်တီးရီးယားကြောင့်ဖြစ်နိုင်သည်။ အပေါ်မှရေလောင်းခြင်းကိုရှောင်ပါ၊ ရောဂါကျအရွက်များကို ဖယ်ရှားပါ၊ လေဝင်လေထွက်ကောင်းရန် အပင်များကို ကျဲအောင်ထားပါ။ ကိရိယာများကို သန့်ရှင်းပါ။

လက္ခဏာများ: အရွက်ပေါ်တွင် စက်ဝိုင်းပုံအကွက်များ, အရွက်ကြွေခြင်း

ဖြစ်နိုင်သောအကြောင်းရင်းများ: မှို သို့မဟုတ် ဘက်တီးရီးယားကြောင့် အရွက်အကွက်ရောဂါ

ဖြေရှင်းနည်း: အပေါ်မှရေလောင်းခြင်းကို ရှောင်ပါ။ ရောဂါကျအရွက်များကို ဖယ်ရှားပါ။ အပင်အကြားအကွာအဝေးနှင့် လေဝင်လေထွက်ကောင်းအောင်ပြုလုပ်ပါ။ အပင်များကြား ကိရိယာများကို သန့်ရှင်းပါ။",internal,chili;disease,general,my,true
cabbage-diamondback-moth,ဂေါ်ဖီ Diamondback Moth ပိုး,pest,cabbage,"ကျွန်တော်၏ဂေါ်ဖီရွက်များတွင် တစ်စုံတစ်ရာ အပေါက်ဖောက်နေပါသည်။

ဂေါ်ဖီရွက်အပေါက်များသည် diamondback moth ပိုးလောင်းကြောင့်ဖြစ်တတ်သည်။ မကြာခဏစစ်ဆေးပါ၊ အနည်းငယ်သာရှိလျှင် လက်ဖြင့်ကောက်ယူပါ၊ ပျိုးခင်းကို ပိုက်ကွန်ဖြင့်ကာကွယ်ပါ၊ ပိုးသံသရာဖြတ်ရန် ဂေါ်ဖီမျိုးနွယ်သီးနှံများကို အလှည့်ကျစိုက်ပျိုးပါ။

လက္ခဏာများ: အရွက်များတွင် အပေါက်များ, အစိမ်းရောင်သန်းသော ပိုးလောင်းငယ်များ

ဖြစ်နိုင်သောအကြောင်းရင်းများ: diamondback moth ပိုး

ဖြေရှင်းနည်း: အရွက်များကို ပုံမှန်စစ်ဆေးပါ။ အနည်းငယ်သာရှိလျှင် လက်ဖြင့်ကောက်ယူပါ။ ပျိုးခင်းတွင် ပိုက်ကွန်သုံးပါ။ ဂေါ်ဖီမျိုးနွယ် သီးနှံများကို အလှည့်ကျစိုက်ပါ။",internal,cabbage;pest;diamondback;moth,general,my,true
eggplant-fruit-borer,ခရမ်းသီးထိုးပိုး,pest,eggplant,"ခရမ်းသီးများတွင် အပေါက်များရှိနေပါသည်။ ဘာလုပ်သင့်ပါသနည်း

ခရမ်းသီးအပေါက်များသည် အသီးထိုးပိုးကြောင့်ဖြစ်တတ်သည်။ ပိုးကျအသီးများကို စုဆောင်းဖျက်ဆီးပါ၊ စစ်ဆေးရလွယ်ရန် အပင်များကို တိုင်ထောင်ပါ၊ ပိုးဆက်လက်ပေါက်ပွားနိုင်သော ကြွေကျသောအသီးများကို လယ်ကွင်းတွင်မထားပါနှင့်။

လက္ခဏာများ: အသီးတွင် အပေါက်များ, အပေါက်အနီး စားစရာနုန်းများ

ဖြစ်နိုင်သောအကြောင်းရင်းများ: အသီးထိုးပင်စည်ထိုးပိုး (fruit and shoot borer)

ဖြေရှင်းနည်း: ပိုးကျအသီးများကို ဖယ်ရှားဖျက်ဆီးပါ။ စစ်ဆေးရလွယ်ရန် အပင်ကို တိုင်ထောင်၍စိုက်ပါ။ လယ်ကွင်းတွင် ကြွေကျသောအသီးများ မထားခဲ့ပါနှင့်။",internal,eggplant;pest;fruit;and;shoot;borer,general,my,true
onion-purple-blotch,ကြက်သွန် Purple Blotch ရောဂါ,disease,onion,"ကြက်သွန်ရွက်များတွင် ခရမ်းရောင်အနာများရှိနေပါသည်။ ရောဂါလား

ကြက်သွန်ရွက်ပေါ်ရှိ ခရမ်းရောင်အနာများနှင့် ရွက်ထိပ်ခြောက်ခြင်းသည် purple blotch ဖြစ်နိုင်သည်။ အရွက်စိုစွတ်မှုကိုလျှော့ချပါ၊ ရေစီးရေလာနှင့် အကွာအဝေးကောင်းအောင်လုပ်ပါ၊ ရိတ်သိမ်းပြီးနောက် ရောဂါကျအညစ်အကြေးများကို ရှင်းလင်းပါ။

လက္ခဏာများ: အရွက်များပေါ်တွင် ခရမ်းရောင်အနာများ, ရွက်ထိပ်ခြောက်သွေ့ခြင်း

ဖြစ်နိုင်သောအကြောင်းရင်းများ: purple blotch မှိုရောဂါ

ဖြေရှင်းနည်း: အပေါ်မှရေသွင်းခြင်းကို ရှောင်ပါ။ ရေစီးရေလာကောင်းအောင်ပြုလုပ်ပါ။ ကျဲအောင်စိုက်ပါ။ ရိတ်သိမ်းပြီးနောက် ရောဂါကျအညစ်အကြေးများကို ဖယ်ရှားပါ။",internal,onion;disease;purple;blotch,general,my,true
maize-fall-armyworm,ပြောင်း Fall Armyworm ပိုး,pest,maize,"ကျွန်တော်၏ပြောင်းတွင် အဆင့်စွယ်အတွင်း ပိုးလောင်းများနှင့် အရွက်ထိခိုက်မှုရှိနေပါသည်။

ပြောင်းအဆင့်စွယ်အတွင်း ပိုးလောင်းများနှင့် ပြတင်းပေါက်ပုံသဏ္ဍာန်အရွက်ထိခိုက်မှုသည် fall armyworm ဖြစ်တတ်သည်။ စောစောစစ်ဆေးပါ၊ အနည်းငယ်သာရှိလျှင် လက်ဖြင့်ချေမှုန်းပါ၊ လယ်ကွင်းသန့်ရှင်းထားပါ၊ သတ်မှတ်ချက်ထက်ကျော်မှသာ ဖျန်းပါ။

လက္ခဏာများ: ပြတင်းပေါက်ပုံသဏ္ဍာန် စားခြင်း, အဆင့်စွယ်အတွင်း ပိုးလောင်း, နုန်းအညစ်အကြေး

ဖြစ်နိုင်သောအကြောင်းရင်းများ: fall armyworm ပိုး

ဖြေရှင်းနည်း: နံနက်စောစောတွင် အဆင့်စွယ်ကို စစ်ဆေးပါ။ အနည်းငယ်သာရှိလျှင် ပိုးလောင်းများကို ချေမှုန်းပါ။ လယ်ကွင်းသန့်ရှင်းမှုထားပါ။ ဖျန်းခြင်းမပြုမီ ဒေသခံသတ်မှတ်ချက်အကြံဉာဏ်ကို လိုက်နာပါ။",internal,maize;pest;fall;armyworm,general,my,true
maize-nitrogen-deficiency,ပြောင်းရွက်ဝါခြင်း (နိုက်ထရိုဂျင်ချို့တဲ့မှု),fertilizer,maize,"ပြောင်းရွက်များတွင် ရွက်ထိပ်မှ V ပုံသဏ္ဍာန် အဝါရောင်ပြောင်းနေပါသည်။

ပြောင်းရွက်ထိပ်မှ V ပုံသဏ္ဍာန် အဝါရောင်ပြောင်းခြင်းသည် နိုက်ထရိုဂျင်ချို့တဲ့ခြင်းကို အများအားဖြင့်ညွှန်ပြသည်။ အကြံပြုထားသောကြီးထွားမှုအဆင့်တွင် နိုက်ထရိုဂျင်ကို ဘေးမှထည့်ပါ၊ ပေါင်းမြက်များကို ထိန်းချုပ်ပါ၊ အမြစ်ကိုထိခိုက်စေသော ရေဝပ်မြေကို ရှောင်ပါ။

လက္ခဏာများ: ရွက်ထိပ်မှ V ပုံသဏ္ဍာန် အဝါရောင်ပြောင်းခြင်း, အပင်ဖျော့ခြင်း

ဖြစ်နိုင်သောအကြောင်းရင်းများ: နိုက်ထရိုဂျင်ချို့တဲ့ခြင်း

ဖြေရှင်းနည်း: အကြံပြုထားသောအဆင့်တွင် နိုက်ထရိုဂျင်ကို ဘေးမှထည့်သွင်းပါ။ ပြိုင်ဆိုင်မှုမဖြစ်စေရန် ပေါင်းမြက်များကို ထိန်းပါ။ ရေဝပ်ခြင်းကို ရှောင်ပါ။",internal,maize;fertilizer,general,my,true
bean-rust,ပဲသံချေးရောဂါ (Bean Rust),disease,bean,"ပဲရွက်အောက်တွင် သံချေးရောင်အဖုများရှိနေပါသည်။

ပဲရွက်အောက်ရှိ သံချေးရောင်အဖုများသည် bean rust ဖြစ်တတ်သည်။ ရောဂါခံနိုင်ရည်ရှိသောမျိုးကို ဦးစားပေးပါ၊ အပင်စိုနေချိန်ထိခြင်းကိုရှောင်ပါ၊ ရောဂါပြင်းထန်သောအရွက်များကို ဖယ်ရှားပါ၊ ရောဂါကျစေရန် ပဲမျိုးနွယ်ကို အလှည့်ကျစိုက်ပျိုးပါ။

လက္ခဏာများ: အရွက်အောက်တွင် သံချေးရောင်အဖုများ, အဝါရောင်ပြောင်းခြင်း

ဖြစ်နိုင်သောအကြောင်းရင်းများ: ပဲသံချေးမှိုရောဂါ (bean rust)

ဖြေရှင်းနည်း: ရနိုင်လျှင် ရောဂါခံနိုင်ရည်ရှိသောမျိုးကို ရွေးချယ်ပါ။ အပင်စိုနေချိန်တွင် ထိတွေ့ခြင်းကို ရှောင်ပါ။ ရောဂါပြင်းထန်သောအရွက်များကို ဖယ်ရှားပါ။ ပဲမျိုးနွယ်ကို အလှည့်ကျစိုက်ပါ။",internal,bean;disease;rust,general,my,true
watering-overwater-yellow,ရေအလွန်အကျွံသွင်းခြင်းကြောင့် အရွက်ဝါခြင်း,water_management,general,"မြေစိုနေသော်လည်း အပင်များ ခြောက်သွားနေပါသည်။ ဘာကြောင့်လဲ

မြေစိုနေသော်လည်း ခြောက်သွားခြင်းသည် အများအားဖြင့် ရေအလွန်အကျွံသွင်းခြင်း သို့မဟုတ် ရေစီးရေလာမကောင်းခြင်းကြောင့် အမြစ်ထိခိုက်ခြင်းဖြစ်သည်။ ရေသွင်းချိန်ကြားတွင် မြေပေါ်အလွှာအနည်းငယ်ခြောက်အောင်ထားပါ၊ ရေစီးရေလာကောင်းအောင်လုပ်ပါ၊ နံနက်ခင်းတွင် ရေသွင်းပါ။

လက္ခဏာများ: အရွက်များ ဝါပျော့ခြင်း, မြေဆီလွှာစိုရွှဲခြင်း, မြေစိုနေသော်လည်း ပင်ခြောက်ခြင်း

ဖြစ်နိုင်သောအကြောင်းရင်းများ: ရေအလွန်အကျွံသွင်းခြင်း, ရေစီးရေလာမကောင်းခြင်း

ဖြေရှင်းနည်း: ရေသွင်းချိန်ကြားတွင် မြေအနည်းငယ်ခြောက်အောင်ထားပါ။ ရေစီးရေလာကောင်းအောင်ပြုလုပ်ပါ။ နံနက်အချိန်တွင် ရေသွင်းပါ။ အပင်ဆုတ်ယုတ်ပါက အမြစ်ကျန်းမာရေးကို စစ်ဆေးပါ။",internal,general;water_management,general,my,true
watering-underwater-wilt,ရေလုံလောက်မှုမရှိခြင်းကြောင့် အပင်ခြောက်ခြင်း,water_management,general,"ပူပြင်းသောရာသီတွင် ဟင်းသီးဟင်းရွက်ခင်းများကို မည်မျှမကြာခဏ ရေသွင်းသင့်ပါသနည်း

ပူပြင်းသောရာသီတွင် နေ့စဉ်ပမာဏနည်းနည်းဖျန်းခြင်းထက် နက်နက်ကြာကြာ ရေသွင်းပါ။ အစိုဓာတ်ထိန်းရန် မြက်ဖုံးပြီး နံနက်စောစောရေသွင်းပါ။ မြေခြောက်ခြင်းနှင့် ညဘက်ပြန်ကောင်းသော နေ့လယ်ပင်ခြောက်ခြင်းကို စောင့်ကြည့်ပါ။

လက္ခဏာများ: မြေခြောက်ခြင်း, ရွက်ခွေခြင်း, ညဘက်ပြန်ကောင်းသော နေ့လယ်ပင်ခြောက်ခြင်း

ဖြစ်နိုင်သောအကြောင်းရင်းများ: ရေမလုံလောက်ခြင်း

ဖြေရှင်းနည်း: မကြာခဏပမာဏနည်းနည်းသွင်းခြင်းထက် နက်နက်ပြီး ကြာကြာသွင်းပါ။ အငွေ့ပျံမှုလျှော့ရန် မြက်ဖုံးပါ။ နံနက်စောစော ရေသွင်းပါ။ ပူပြင်းသောရာသီတွင် အချိန်ဇယားချိန်ညှိပါ။",internal,general;water_management,general,my,true
fertilizer-npk-basics,NPK မျိုးအောင်အခြေခံများ,fertilizer,general,"မျိုးအောင်အတွက် NPK ဆိုသည်မှာ ဘာကိုဆိုလိုပါသနည်း

N သည် အရွက်ကြီးထွားမှုကို ထောက်ပံ့ပြီး P သည် အမြစ်နှင့်ပွင့်မှုကို ထောက်ပံ့ကာ K သည် အလုံးစုံသန်စွမ်းမှုနှင့် ဖိစီးမှုခံနိုင်ရည်ကို ထောက်ပံ့သည်။ သီးနှံအဆင့်နှင့် ကိုက်ညီသောပမာဏသုံးပါ၊ ကြိမ်ဖန်များစွာခွဲ၍ထည့်သွင်းပါ၊ ရွက်လောင်သည်ကိုမြင်ပါက ရပ်တန့်ပါ။

လက္ခဏာများ: ကြီးထွားမှုနှေးခြင်း, အရွက်ဖျော့ခြင်း, ပင်စည်အားနည်းခြင်း

ဖြစ်နိုင်သောအကြောင်းရင်းများ: အာဟာရမညီမျှခြင်း

ဖြေရှင်းနည်း: သီးနှံအဆင့်ပေါ်မူတည်၍ မျှတသောမျိုးအောင်သုံးပါ။ ရွက်လောင်သွားသည်ကိုမြင်ပြီးနောက် ထပ်မထည့်ပါနှင့်။ ကြိမ်ဖန်များစွာခွဲ၍ထည့်သွင်းခြင်းကို ဦးစားပေးပါ။",internal,general;fertilizer,general,my,true
fertilizer-leaf-burn,မျိုးအောင်အလွန်အကျွံသုံးခြင်း (Leaf Burn),fertilizer,general,"မျိုးအောင်ထည့်ပြီးနောက် အရွက်များ လောင်သွားပါသည်။ ဘာဖြစ်ခဲ့တာလဲ

မျိုးအောင်ထည့်ပြီးနောက် အရွက်အစွန်းအညိုရောင်ပြောင်းခြင်းသည် မျိုးအောင်အလွန်အကျွံ သို့မဟုတ် ပင်စည်အနီးတွင်ချခြင်းကြောင့် ဆားလောင်ခြင်းဖြစ်တတ်သည်။ ရေစီးရေလာကောင်းပါက ရေဖြင့်ညင်သာစွာဆေးချပြီး နောက်တစ်ကြိမ်ပမာဏလျှော့သုံးပါ။

လက္ခဏာများ: မျိုးအောင်ထည့်ပြီးနောက် အရွက်အစွန်းအညိုရောင်ပြောင်းခြင်း, မြေပေါ်တွင် အဖြူရောင်အပွင့်ပြား

ဖြစ်နိုင်သောအကြောင်းရင်းများ: မျိုးအောင်အလွန်အကျွံ, ဆားလောင်ခြင်း

ဖြေရှင်းနည်း: ရေစီးရေလာကောင်းပါက သန့်ရှင်းသောရေဖြင့် ညင်သာစွာဆေးချပါ။ နောက်တစ်ကြိမ်ပမာဏလျှော့ပါ။ ပင်စည်အနီးတွင် မျိုးအောင်မချပါနှင့်။",internal,general;fertilizer,general,my,true
compost-basics,မြေဆွေးအခြေခံများ,cultivation,general,"မြေဆွေးက ကျွန်တော်၏လယ်မြေကို ဘယ်လိုအကျိုးပြုပါသလဲ

ကောင်းစွာဆွေးမြေ့သောမြေဆွေးသည် မြေဖွဲ့စည်းမှု၊ အစိုဓာတ်ထိန်းမှုနှင့် အာဟာရထောက်ပံ့မှုကို တိုးတက်စေသည်။ စိုက်ပျိုးမှုမပြုမီ မြေပေါ်အလွှာထဲရောနှောပါ။ ညီညာစွာဆွေးမြေ့စေရန် မြေဆွေးပုံကို အစိုဓာတ်ထိန်းပြီး လှန်ပေးပါ။

လက္ခဏာများ: မြေဆီလွှာဖွဲ့စည်းမှုညံ့ခြင်း, အော်ဂဲနစ်ပစ္စည်းနည်းခြင်း

ဖြစ်နိုင်သောအကြောင်းရင်းများ: အော်ဂဲနစ်ပစ္စည်းချို့တဲ့ခြင်း

ဖြေရှင်းနည်း: စိုက်ပျိုးမှုမပြုမီ ကောင်းစွာဆွေးမြေ့သောမြေဆွေးကို ထည့်သွင်းပါ။ မြေပေါ်အလွှာထဲ ရောနှောပါ။ မြေဆွေးပြုလုပ်နေစဉ် အစိုဓာတ်နှင့် လေဝင်လေထွက်ကောင်းအောင် ထားပါ။",internal,general;cultivation,general,my,true
mulching-basics,မြက်ဖုံးခြင်း၏ အကျိုးကျေးဇူးများ,cultivation,general,"ဟင်းသီးဟင်းရွက်ခင်းများတွင် မြက်ဖုံးသင့်ပါသလား

သင့်ပါသည်။ မြက်ဖုံးခြင်းသည် မြေခြောက်မှုကိုနှေးစေပြီး ပေါင်းမြက်များကို လျှော့ချကာ မြေကိုကာကွယ်သည်။ ပင်စည်မပုပ်စေရန် အနည်းငယ်ကွာစေပြီး ဆွေးမြေ့သလို ပြန်ဖြည့်ပါ။

လက္ခဏာများ: မြေလျင်မြန်စွာခြောက်ခြင်း, ပေါင်းမြက်များစွာ

ဖြစ်နိုင်သောအကြောင်းရင်းများ: မြေလွတ်နေခြင်း

ဖြေရှင်းနည်း: အပင်တစ်ဝိုက်တွင် အော်ဂဲနစ်မြက်ဖုံးကို ဖုံးအုပ်ပါ။ ပင်စည်နှင့် အနည်းငယ်ကွာစေပါ။ ဆွေးမြေ့သလို ပြန်လည်ဖြည့်တင်းပါ။",internal,general;cultivation,general,my,true
seedling-damping-off,ပျိုးပင်လဲကျခြင်း (Damping-off),disease,general,"ကျွန်တော်၏ပျိုးပင်များ ရုတ်တရက် လဲကျသေဆုံးနေပါသည်။

မြေနှင့်ထိသည့်နေရာတွင် ရုတ်တရက်လဲကျခြင်းသည် damping-off ဖြစ်တတ်သည်။ သန့်ရှင်းသောဗန်းများသုံးပါ၊ ရေအလွန်အကျွံရှောင်ပါ၊ လေဝင်လေထွက်ကောင်းအောင်လုပ်ပါ၊ မှိုမပြန့်ပွားစေရန် ရောဂါကျပျိုးပင်များကို စွန့်ပစ်ပါ။

လက္ခဏာများ: ပျိုးပင်များ မြေနှင့်ထိသည့်နေရာတွင် လဲကျခြင်း, အမွေးမှိုလေးများ

ဖြစ်နိုင်သောအကြောင်းရင်းများ: damping-off မှိုရောဂါ

ဖြေရှင်းနည်း: သန့်ရှင်းသောဗန်းများနှင့် ရေစစ်ကောင်းသောအလွှာကိုသုံးပါ။ ရေအလွန်အကျွံရှောင်ပါ။ လေဝင်လေထွက်အနည်းငယ်ပေးပါ။ ရောဂါကျပျိုးပင်များကို စွန့်ပစ်ပါ။",internal,general;disease;damping;off,general,my,true
pest-scouting-habit,ပိုးမွှားစောစောရှာဖွေစစ်ဆေးခြင်း,cultivation,general,"ပိုးမွှားပြဿနာများကို စောစော ဘယ်လိုသိရှိနိုင်ပါသလဲ

တစ်ပတ်လျှင် အနည်းဆုံး နှစ်ကြိမ်သုံးကြိမ် လယ်ကွင်းလျှောက်ကြည့်ပါ။ အရွက်အောက်နှင့် အညွန့်ငယ်များကို ကြည့်ပါ။ စောစောတွေ့ရှိခြင်းဖြင့် ပျက်စီးမှုမပြင်းထန်မီ လက်ဖြင့်ကောက်ယူခြင်းကဲ့သို့သော နူးညံ့သည့်နည်းများကို သုံးနိုင်သည်။

လက္ခဏာများ: မမျှော်လင့်သော သီးနှံပျက်စီးမှု

ဖြစ်နိုင်သောအကြောင်းရင်းများ: ပိုးမွှားအစောပိုင်းလက္ခဏာများကို လက်လွတ်ခြင်း

ဖြေရှင်းနည်း: တစ်ပတ်လျှင် 2-3 ကြိမ် လယ်ကွင်းလျှောက်ကြည့်ပါ။ အရွက်အောက်မျက်နှာနှင့် အညွန့်ထိပ်များကို စစ်ဆေးပါ။ ပိုးမွှားအနည်းငယ်သာရှိချိန်တွင် စောစောဆောင်ရွက်ပါ။",internal,general;cultivation,general,my,true
safety-pesticide-disclaimer,ပိုးသတ်ဆေးသုံးစွဲခြင်း ဘေးကင်းရေး လမ်းညွှန်,prevention,general,"သီးနှံများတွင် ဘယ်အချိန်မှာ ပိုးသတ်ဆေးသုံးသင့်ပါသနည်း

စစ်ဆေးမှုအရ ဖိအားမြင့်မားပြီး ဒေသခံလမ်းညွှန်ချက်က ထောက်ခံမှသာ ပိုးသတ်ဆေးသုံးပါ။ အကာအကွယ်ဝတ်ဆင်ပါ၊ တံဆိပ်ပါပမာဏအတိအကျလိုက်နာပါ၊ ကလေး၊ အစားအစာနှင့် ရေအရင်းအမြစ်များနှင့် ဝေးစွာထားပါ။ ဖြစ်နိုင်လျှင် ဓာတုမဟုတ်သောနည်းများကို ဦးစားပေးပါ။

လက္ခဏာများ: ဓာတုထိန်းချုပ်မှုလိုအပ်ခြင်း

ဖြစ်နိုင်သောအကြောင်းရင်းများ: ပိုးမွှား သို့မဟုတ် ရောဂါဖိအားမြင့်မားခြင်း

ဖြေရှင်းနည်း: ဒေသခံခွင့်ပြုထားသောလမ်းညွှန်ချက်ဖြင့်သာ ပိုးသတ်ဆေးသုံးပါ။ အကာအကွယ်ပစ္စည်းဝတ်ဆင်ပါ။ တံဆိပ်ပါပမာဏအတိုင်းလိုက်နာပါ။ ကလေးများနှင့် ရေအရင်းအမြစ်များနှင့် ဝေးစွာထားပါ။",internal,general;prevention,general,my,true
extension-officer-when,ဘယ်အချိန်တွင် စိုက်ပျိုးရေးအရာရှိကို ဆက်သွယ်ရမည်,prevention,general,"စိုက်ပျိုးရေးအရာရှိကို ဘယ်အချိန်မှာ အကူအညီတောင်းသင့်ပါသနည်း

ပြဿနာကိုမသေချာ၊ ပျက်စီးမှုလျင်မြန်စွာပျံ့နှံ့နေ၊ သို့မဟုတ် ဓာတုဆေးလိုအပ်နေသည်ဟု ထင်ပါက ဒေသခံတိုးချဲ့ရေးအရာရှိကို မေးမြန်းပါ။ အရွက်၊ ပင်စည်နှင့် အပင်တစ်ခုလုံး၏ရှင်းလင်းသောဓာတ်ပုံများကို ယူဆောင်သွားပြီး ပိုးသတ်ဆေးပမာဏကို ခန့်မှန်းမချပါနှင့်။

လက္ခဏာများ: ရောဂါရှာဖွေရေးမသေချာခြင်း, လျင်မြန်စွာပျံ့နှံ့ခြင်း, ဓာတုလိုအပ်ခြင်း

ဖြစ်နိုင်သောအကြောင်းရင်းများ: မသေချာသော သို့မဟုတ် အန္တရာယ်မြင့်မားသောပြဿနာ

ဖြေရှင်းနည်း: ဒေသခံစိုက်ပျိုးရေးတိုးချဲ့ရေးအရာရှိကို ဆက်သွယ်ပါ။ အရွက်၊ ပင်စည်နှင့် အပင်တစ်ခုလုံး၏ ရှင်းလင်းသောဓာတ်ပုံများကို မျှဝေပါ။ ဓာတုဆေးပမာဏကို ခန့်မှန်းမချပါနှင့်။",internal,general;prevention,general,my,true
